{
	"metadata" : {
		"title" : "com_graph_pre_exam.gml",
		"time" : "0",
		"description" : "Network:com_graph_pre_exam.gml Type:null Directed:true Time:null",
		"directed" : "true",
		"datalinks" : ["0.json"],
	  "measures": [
		{
				"title" : "Number of members",
				"description" : "none",
				"class" : "node",
				"property" : "weight",
				"type" : "double"
			}
		],
	  "nodeproperties": [
		{
				"timestep" : ["string"]
			}, {
				"weight" : ["string"]
			}, {
				"type" : ["string"]
			}, {
				"members" : ["string"]
			}, {
				"timestep" : ["string"]
			}, {
				"weight" : ["string"]
			}, {
				"type" : ["string"]
			}, {
				"members" : ["string"]
			}, {
				"timestep" : ["string"]
			}, {
				"weight" : ["string"]
			}, {
				"type" : ["string"]
			}, {
				"members" : ["string"]
			}, {
				"timestep" : ["string"]
			}, {
				"weight" : ["string"]
			}, {
				"type" : ["string"]
			}, {
				"members" : ["string"]
			}
		]
	},
	"data" : {
		"edges" : [
		{
				"id" : "1",
				"source" : "2",
				"target" : "1"
			}, {
				"id" : "2",
				"source" : "4",
				"target" : "3"
			}, {
				"id" : "3",
				"source" : "2",
				"target" : "6"
			}, {
				"id" : "4",
				"source" : "6",
				"target" : "5"
			}, {
				"id" : "5",
				"source" : "6",
				"target" : "8"
			}, {
				"id" : "6",
				"source" : "8",
				"target" : "7"
			}, {
				"id" : "7",
				"source" : "8",
				"target" : "10"
			}, {
				"id" : "8",
				"source" : "10",
				"target" : "9"
			}, {
				"id" : "9",
				"source" : "12",
				"target" : "11"
			}, {
				"id" : "10",
				"source" : "14",
				"target" : "13"
			}, {
				"id" : "11",
				"source" : "10",
				"target" : "16"
			}, {
				"id" : "12",
				"source" : "14",
				"target" : "16"
			}, {
				"id" : "13",
				"source" : "16",
				"target" : "15"
			}, {
				"id" : "14",
				"source" : "16",
				"target" : "18"
			}, {
				"id" : "15",
				"source" : "18",
				"target" : "17"
			}
		],
		"nodes" : [
		{
				"timestep" : "1",
				"id" : "1",
				"weight" : "13",
				"label" : "e 1",
				"type" : "eventCluster",
				"members" : "[6,17,29,56,58,59,60,69,74,80,89,91,93]"
			}, {
				"timestep" : "1",
				"id" : "2",
				"weight" : "13",
				"label" : "a 1",
				"type" : "actorCluster",
				"members" : "[127,128,133,134,135,144,203,265]"
			}, {
				"timestep" : "1",
				"id" : "3",
				"weight" : "2",
				"label" : "e 7",
				"type" : "eventCluster",
				"members" : "[90,92]"
			}, {
				"timestep" : "1",
				"id" : "4",
				"weight" : "2",
				"label" : "a 3",
				"type" : "actorCluster",
				"members" : "[143,266]"
			}, {
				"timestep" : "2",
				"id" : "5",
				"weight" : "26",
				"label" : "e 2",
				"type" : "eventCluster",
				"members" : "[6,15,16,17,19,23,31,33,44,54,57,58,59,60,61,64,69,70,71,74,81,85,86,87,88,89]"
			}, {
				"timestep" : "2",
				"id" : "6",
				"weight" : "7",
				"label" : "a 1",
				"type" : "actorCluster",
				"members" : "[127,128,133,135,137,144,265]"
			}, {
				"timestep" : "3",
				"id" : "7",
				"weight" : "28",
				"label" : "e 3",
				"type" : "eventCluster",
				"members" : "[9,11,16,17,23,26,27,28,30,33,53,54,56,57,58,60,63,64,67,69,70,71,73,75,76,77,79,80]"
			}, {
				"timestep" : "3",
				"id" : "8",
				"weight" : "7",
				"label" : "a 1",
				"type" : "actorCluster",
				"members" : "[127,128,133,135,144,206,265]"
			}, {
				"timestep" : "4",
				"id" : "9",
				"weight" : "43",
				"label" : "e 4",
				"type" : "eventCluster",
				"members" : "[1,6,9,10,13,14,16,18,21,23,26,29,30,31,33,37,39,41,45,49,50,51,52,53,54,55,57,58,59,60,61,62,63,64,65,66,67,68,69,70,71,73,74]"
			}, {
				"timestep" : "4",
				"id" : "10",
				"weight" : "11",
				"label" : "a 1",
				"type" : "actorCluster",
				"members" : "[124,125,127,128,133,135,137,144,189,200,265]"
			}, {
				"timestep" : "4",
				"id" : "11",
				"weight" : "2",
				"label" : "e 8",
				"type" : "eventCluster",
				"members" : "[34,47]"
			}, {
				"timestep" : "4",
				"id" : "12",
				"weight" : "24",
				"label" : "a 4",
				"type" : "actorCluster",
				"members" : "[120,147,153,154,156,157,158,159,160,161,163,164,168,176,182,183,184,185,186,288,291,296,297,300]"
			}, {
				"timestep" : "5",
				"id" : "13",
				"weight" : "4",
				"label" : "e 9",
				"type" : "eventCluster",
				"members" : "[19,21,22,28]"
			}, {
				"timestep" : "5",
				"id" : "14",
				"weight" : "2",
				"label" : "a 5",
				"type" : "actorCluster",
				"members" : "[124,265]"
			}, {
				"timestep" : "6",
				"id" : "15",
				"weight" : "7",
				"label" : "e 5",
				"type" : "eventCluster",
				"members" : "[6,9,10,15,16,18,20]"
			}, {
				"timestep" : "6",
				"id" : "16",
				"weight" : "5",
				"label" : "a 2",
				"type" : "actorCluster",
				"members" : "[124,127,128,135,265]"
			}, {
				"timestep" : "7",
				"id" : "17",
				"weight" : "6",
				"label" : "e 6",
				"type" : "eventCluster",
				"members" : "[6,7,10,11,14,107]"
			}, {
				"timestep" : "7",
				"id" : "18",
				"weight" : "6",
				"label" : "a 2",
				"type" : "actorCluster",
			"members": "[124,125,127,128,265,501]"
			}
		]
	}
}
